{"cameraMode":{"drawMode":0,"name":"Shaded","section":"Shading Mode"},"sceneLighting":true,"audioPlay":false,"sceneViewState":{"showFog":true,"showMaterialUpdate":false,"showSkybox":true,"showFlares":true,"showImageEffects":true,"showParticleSystems":true},"in2DMode":false,"pivot":{"x":0.004927527159452438,"y":0.020817197859287263,"z":-0.06313252449035645},"rotation":{"x":0.27471184730529787,"y":0.1263713389635086,"z":-0.03686090186238289,"w":0.9526116251945496},"size":0.08738845586776734,"orthographic":false}